{
  "n_gaussians": 1279857,
  "pos_mean": [
    0.27092664071322914,
    0.06027848475279618,
    -0.2837349584087163
  ],
  "pos_std": [
    1.0997002385528698,
    0.9703372590913509,
    0.4649169190342133
  ],
  "pos_extent": [
    12.252830028533936,
    11.491857528686523,
    11.792978763580322
  ],
  "pos_p1p99_extent": [
    6.811943311691278,
    6.149431600570677,
    2.179060087203979
  ],
  "pos_p1p99_diameter": 9.432199295786651,
  "camera_diameter": 5.474193589275513,
  "median_max_scale": 0.00614263117313385,
  "extent_over_median_scale": 1535.5307896460479
}